,ret
2013-07-01,0.0
2013-07-02,0.0
2013-07-03,0.0
2013-07-04,0.0
2013-07-05,0.0
2013-07-08,0.0
2013-07-09,0.0
2013-07-10,0.0
2013-07-11,0.0
2013-07-12,0.0
2013-07-15,0.0
2013-07-16,0.0
2013-07-17,0.0
2013-07-18,0.0
2013-07-19,0.0
2013-07-22,0.0
2013-07-23,0.0
2013-07-24,0.0
2013-07-25,0.0
2013-07-26,0.0
2013-07-29,0.0
2013-07-30,0.0
2013-07-31,0.0
2013-08-01,0.0
2013-08-02,0.0
2013-08-05,0.0
2013-08-06,0.0
2013-08-07,0.0
2013-08-08,0.0
2013-08-09,0.0
2013-08-12,0.0
2013-08-13,0.0
2013-08-14,0.0
2013-08-15,0.0
2013-08-16,0.0
2013-08-19,0.0
2013-08-20,0.0
2013-08-21,0.0
2013-08-22,0.0
2013-08-23,0.0
2013-08-26,0.0
2013-08-27,0.0
2013-08-28,0.0
2013-08-29,0.0
2013-08-30,0.0
2013-09-03,0.0
2013-09-04,0.0
2013-09-05,0.0
2013-09-06,0.0
2013-09-09,0.0
2013-09-10,0.0
2013-09-11,0.0
2013-09-12,0.0
2013-09-13,0.0
2013-09-16,0.0
2013-09-17,0.0
2013-09-18,0.0
2013-09-19,0.0
2013-09-20,0.0
2013-09-23,0.0
2013-09-24,0.0
2013-09-25,0.0
2013-09-26,0.0
2013-09-27,0.0
2013-09-30,0.0
2013-10-01,0.0
2013-10-02,0.0
2013-10-03,0.0
2013-10-04,0.0
2013-10-07,0.0
2013-10-08,0.0
2013-10-09,0.0
2013-10-10,0.0
2013-10-11,0.0
2013-10-14,0.0
2013-10-15,0.0
2013-10-16,0.0
2013-10-17,0.0
2013-10-18,0.0
2013-10-21,0.0
2013-10-22,0.0
2013-10-23,0.0
2013-10-24,0.0
2013-10-25,0.0
2013-10-28,0.0
2013-10-29,0.0
2013-10-30,0.0
2013-10-31,0.0
2013-11-01,0.0
2013-11-04,0.0
2013-11-05,0.0
2013-11-06,0.0
2013-11-07,0.0
2013-11-08,0.0
2013-11-11,0.0
2013-11-12,0.0
2013-11-13,0.0
2013-11-14,0.0
2013-11-15,0.0
2013-11-18,0.0
2013-11-19,0.0
2013-11-20,0.0
2013-11-21,0.0
2013-11-22,0.0
2013-11-25,0.0
2013-11-26,0.0
2013-11-27,0.0
2013-11-28,0.0
2013-11-29,0.0
2013-12-02,0.0
2013-12-03,0.0
2013-12-04,0.0
2013-12-05,0.0
2013-12-06,0.0
2013-12-09,0.0
2013-12-10,0.0
2013-12-11,0.0
2013-12-12,0.0
2013-12-13,0.0
2013-12-16,0.0
2013-12-17,0.0
2013-12-18,0.0
2013-12-19,0.0
2013-12-20,0.0
2013-12-23,0.0
2013-12-24,0.0
2013-12-25,0.0
2013-12-26,0.0
2013-12-27,0.0
2013-12-30,0.0
2013-12-31,0.0
2014-01-02,0.0
2014-01-03,0.0
2014-01-06,0.0
2014-01-07,0.0
2014-01-08,0.0
2014-01-09,0.0
2014-01-10,0.0
2014-01-13,0.0
2014-01-14,0.0
2014-01-15,0.0
2014-01-16,0.0
2014-01-17,0.0
2014-01-20,0.0
2014-01-21,0.0
2014-01-22,0.0
2014-01-23,0.0
2014-01-24,0.0
2014-01-27,0.0
2014-02-06,0.0
2014-02-07,0.0
2014-02-10,0.0
2014-02-11,0.0
2014-02-12,0.0
2014-02-13,0.0
2014-02-14,0.0
2014-02-17,0.0
2014-02-18,0.0
2014-02-19,0.0
2014-02-20,0.0
2014-02-21,0.0
2014-02-24,0.0
2014-02-25,0.0
2014-02-26,0.0
2014-02-27,0.0
2014-02-28,0.0
2014-03-03,0.0
2014-03-04,0.0
2014-03-05,0.0
2014-03-06,0.0
2014-03-07,0.0
2014-03-10,0.0
2014-03-11,0.0
2014-03-12,0.0
2014-03-13,0.0
2014-03-14,0.0
2014-03-17,0.0
2014-03-18,0.0
2014-03-19,0.0
2014-03-20,0.0
2014-03-21,0.0
2014-03-24,0.0
2014-03-25,0.0
2014-03-26,0.0
2014-03-27,0.0
2014-03-28,0.0
2014-03-31,0.0
2014-04-01,0.0
2014-04-02,0.0
2014-04-03,0.0
2014-04-04,0.0
2014-04-07,0.0
2014-04-08,0.0
2014-04-10,0.0
2014-04-11,0.0
2014-04-14,0.0
2014-04-15,0.0
2014-04-16,0.0
2014-04-17,0.0
2014-04-18,0.0
2014-04-21,0.0
2014-04-22,0.0
2014-04-23,0.0
2014-04-24,0.0
2014-04-25,0.0
2014-04-28,0.0
2014-04-29,0.0
2014-05-05,0.0
2014-05-06,0.0
2014-05-07,0.0
2014-05-08,0.0
2014-05-09,0.0
2014-05-12,0.0
2014-05-13,0.0
2014-05-14,0.0
2014-05-15,0.0
2014-05-16,0.0
2014-05-19,0.0
2014-05-20,0.0
2014-05-21,0.0
2014-05-22,0.0
2014-05-23,0.0
2014-05-26,0.0
2014-05-27,0.0
2014-05-28,0.0
2014-05-29,0.0
2014-05-30,0.0
2014-06-02,0.0
2014-06-03,0.0
2014-06-04,0.0
2014-06-05,0.0
2014-06-06,0.0
2014-06-09,0.0
2014-06-10,0.0
2014-06-11,0.0
2014-06-12,0.0
2014-06-13,0.0
2014-06-16,0.0
2014-06-17,0.0
2014-06-18,0.0
2014-06-19,0.0
2014-06-20,0.0
2014-06-23,0.0
2014-06-24,0.0
2014-06-25,0.0
2014-06-26,0.0
2014-06-27,0.0
2014-06-30,0.0
2014-07-01,0.0
2014-07-02,0.0
2014-07-03,0.0
2014-07-04,0.0
2014-07-07,0.0
2014-07-08,0.0
2014-07-09,0.0
2014-07-10,0.0
2014-07-11,0.0
2014-07-14,0.0
2014-07-15,0.0
2014-07-16,0.0
2014-07-17,0.0
2014-07-18,0.0
2014-07-21,0.0
2014-07-22,0.0
2014-07-23,0.0
2014-07-24,0.0
2014-07-25,0.0
2014-07-28,0.0
2014-07-29,0.0
2014-07-30,0.0
2014-07-31,0.0
2014-08-01,0.0
2014-08-04,0.0
2014-08-05,0.0
2014-08-06,0.0
2014-08-07,0.0
2014-08-08,0.0
2014-08-11,0.0
2014-08-12,0.0
2014-08-13,0.0
2014-08-14,0.0
2014-08-15,0.0
2014-08-18,0.0
2014-08-19,0.0
2014-08-20,0.0
2014-08-21,0.0
2014-08-22,0.0
2014-08-25,0.0
2014-08-26,0.0
2014-08-27,0.0
2014-08-28,0.0
2014-08-29,0.0
2014-09-03,0.0
2014-09-04,0.0
2014-09-05,0.0
2014-09-08,0.0
2014-09-09,0.0
2014-09-10,0.0
2014-09-11,0.0
2014-09-12,0.0
2014-09-15,0.0
2014-09-16,0.0
2014-09-17,0.0
2014-09-18,0.0
2014-09-19,0.0
2014-09-22,0.0
2014-09-23,0.0
2014-09-24,0.0
2014-09-25,0.0
2014-09-26,0.0
2014-09-29,0.0
2014-09-30,0.0
2014-10-01,0.0
2014-10-02,0.0
2014-10-03,0.0
2014-10-06,0.0
2014-10-07,0.0
2014-10-08,0.0
2014-10-09,0.0
2014-10-10,0.0
2014-10-13,0.0
2014-10-14,0.0
2014-10-15,0.0
2014-10-16,0.0
2014-10-17,0.0
2014-10-20,0.0
2014-10-21,0.0
2014-10-22,0.0
2014-10-23,0.0
2014-10-24,0.0
2014-10-27,0.0
2014-10-28,0.0
2014-10-29,0.0
2014-10-30,0.0
2014-10-31,0.0
2014-11-03,0.0
2014-11-04,0.0
2014-11-05,0.0
2014-11-06,0.0
2014-11-07,0.0
2014-11-10,0.0
2014-11-11,0.0
2014-11-12,0.0
2014-11-13,0.0
2014-11-14,0.0
2014-11-17,0.0
2014-11-18,0.0
2014-11-19,0.0
2014-11-20,0.0
2014-11-21,0.0
2014-11-24,0.0
2014-11-25,0.0
2014-11-26,0.0
2014-11-27,0.0
2014-11-28,0.0
2014-12-01,0.0
2014-12-02,0.0
2014-12-03,0.0
2014-12-04,0.0
2014-12-05,0.0
2014-12-08,0.0
2014-12-09,0.0
2014-12-10,0.0
2014-12-11,0.0
2014-12-12,0.0
2014-12-15,0.0
2014-12-16,0.0
2014-12-17,0.0
2014-12-18,0.0
2014-12-19,0.0
2014-12-22,0.0
2014-12-23,0.0
2014-12-24,0.0
2014-12-25,0.0
2014-12-26,0.0
2014-12-29,0.0
2014-12-30,0.0
2014-12-31,0.0
2015-01-05,0.0
2015-01-06,0.0
2015-01-07,0.0
2015-01-08,0.0
2015-01-09,0.0
2015-01-12,0.0
2015-01-13,0.0
2015-01-14,0.0
2015-01-15,0.0
2015-01-16,0.0
2015-01-19,0.0
2015-01-20,0.0
2015-01-21,0.0
2015-01-22,0.0
2015-01-23,0.0
2015-01-26,0.0
2015-01-27,0.0
2015-01-28,0.0
2015-01-29,0.0
2015-01-30,0.0
2015-02-02,0.0
2015-02-03,0.0
2015-02-04,0.0
2015-02-05,0.0
2015-02-06,0.0
2015-02-09,0.0
2015-02-10,0.0
2015-02-11,0.0
2015-02-12,0.0
2015-02-13,0.0
2015-02-24,0.0
2015-02-25,0.0
2015-02-26,0.0
2015-02-27,0.0
2015-03-02,0.0
2015-03-03,0.0
2015-03-04,0.0
2015-03-05,0.0
2015-03-06,0.0
2015-03-09,0.0
2015-03-10,0.0
2015-03-11,0.0
2015-03-12,0.0
2015-03-13,0.0
2015-03-16,0.0
2015-03-17,0.0
2015-03-18,0.0
2015-03-19,0.0
2015-03-20,0.0
2015-03-23,0.0
2015-03-24,0.0
2015-03-25,0.0
2015-03-26,0.0
2015-03-27,0.0
2015-03-30,0.0
2015-03-31,0.0
2015-04-01,0.0
2015-04-02,0.0
2015-04-03,0.0
2015-04-06,0.0
2015-04-07,0.0
2015-04-08,0.0
2015-04-09,0.0
2015-04-10,0.0
2015-04-13,0.0
2015-04-14,0.0
2015-04-15,0.0
2015-04-16,0.0
2015-04-17,0.0
2015-04-20,0.0
2015-04-21,0.0
2015-04-22,0.0
2015-04-23,0.0
2015-04-24,0.0
2015-04-27,0.0
2015-05-04,0.0
2015-05-05,0.0
2015-05-06,0.0
2015-05-07,0.0
2015-05-08,0.0
2015-05-11,0.0
2015-05-12,0.0
2015-05-13,0.0
2015-05-14,0.0
2015-05-15,0.0
2015-05-18,0.0
2015-05-19,0.0
2015-05-20,0.0
2015-05-21,0.0
2015-05-22,0.0
2015-05-25,0.0
2015-05-26,0.0
2015-05-27,0.0
2015-05-28,0.0
2015-05-29,0.0
2015-06-01,0.0
2015-06-02,0.0
2015-06-03,0.0
2015-06-04,0.0
2015-06-05,0.0
2015-06-08,0.0
2015-06-09,0.0
2015-06-10,0.0
2015-06-11,0.0
2015-06-12,0.0
2015-06-15,0.0
2015-06-16,0.0
2015-06-17,0.0
2015-06-18,0.0
2015-06-19,0.0
2015-06-22,0.0
2015-06-23,0.0
2015-06-24,0.0
2015-06-25,0.0
2015-06-26,0.0
2015-06-29,0.0
2015-06-30,0.0
2015-07-01,0.0
2015-07-02,0.0
2015-07-03,0.0
2015-07-06,0.0
2015-07-07,0.0
2015-07-08,0.0
2015-07-09,0.0
2015-07-10,0.0
2015-07-13,0.0
2015-07-14,0.0
2015-07-15,0.0
2015-07-16,0.0
2015-07-17,0.0
2015-07-20,0.0
2015-07-21,0.0
2015-07-22,0.0
2015-07-23,0.0
2015-07-24,0.0
2015-07-27,0.0
2015-07-28,0.0
2015-07-29,0.0
2015-07-30,0.0
2015-07-31,0.0
2015-08-03,0.0
2015-08-04,0.0
2015-08-05,0.0
2015-08-06,0.0
2015-08-07,0.0
2015-08-10,0.0
2015-08-11,0.0
2015-08-12,0.0
2015-08-13,0.0
2015-08-14,0.0
2015-08-17,0.0
2015-08-18,0.0
2015-08-19,0.0
2015-08-20,0.0
2015-08-21,0.0
2015-08-24,0.0
2015-08-25,0.0
2015-08-26,0.0
2015-08-27,0.0
2015-08-28,0.0
2015-08-31,0.0
2015-09-01,0.0
2015-09-03,0.0
2015-09-04,0.0
2015-09-07,0.0
2015-09-08,0.0
2015-09-09,0.0
2015-09-10,0.0
2015-09-11,0.0
2015-09-14,0.0
2015-09-15,0.0
2015-09-16,0.0
2015-09-17,0.0
2015-09-18,0.0
2015-09-21,0.0
2015-09-22,0.0
2015-09-23,0.0
2015-09-24,0.0
2015-09-25,0.0
2015-09-28,0.0
2015-09-29,0.0
2015-09-30,0.0
2015-10-01,0.0
2015-10-02,0.0
2015-10-05,0.0
2015-10-06,0.0
2015-10-07,0.0
2015-10-08,0.0
2015-10-09,0.0
2015-10-12,0.0
2015-10-13,0.0
2015-10-14,0.0
2015-10-15,0.0
2015-10-16,0.0
2015-10-19,0.0
2015-10-20,0.0
2015-10-21,0.0
2015-10-22,0.0
2015-10-23,0.0
2015-10-26,0.0
2015-10-27,0.0
2015-10-28,0.0
2015-10-29,0.0
2015-10-30,0.0
2015-11-02,0.0
2015-11-03,0.0
2015-11-04,0.0
2015-11-05,0.0
2015-11-06,0.0
2015-11-09,0.0
2015-11-10,0.0
2015-11-11,0.0
2015-11-12,0.0
2015-11-13,0.0
2015-11-16,0.0
2015-11-17,0.0
2015-11-18,0.0
2015-11-19,0.0
2015-11-20,0.0
2015-11-23,0.0
2015-11-24,0.0
2015-11-25,0.0
2015-11-26,0.0
2015-11-27,0.0
2015-11-30,0.0
2015-12-01,0.0
2015-12-02,0.0
2015-12-03,0.0
2015-12-04,0.0
2015-12-07,0.0
2015-12-08,0.0
2015-12-09,0.0
2015-12-10,0.0
2015-12-11,0.0
2015-12-14,0.0
2015-12-15,0.0
2015-12-16,0.0
2015-12-17,0.0
2015-12-18,0.0
2015-12-21,0.0
2015-12-22,0.0
2015-12-23,0.0
2015-12-24,0.0
2015-12-25,0.0
2015-12-28,0.0
2015-12-29,0.0
2015-12-30,0.0
2015-12-31,0.0
2016-01-04,0.0
2016-01-05,0.0
2016-01-06,0.0
2016-01-07,0.0
2016-01-08,0.0
2016-01-11,0.0
2016-01-12,0.0
2016-01-13,0.0
2016-01-14,0.0
2016-01-15,0.0
2016-01-18,0.0
2016-01-19,0.0
2016-01-20,0.0
2016-01-21,0.0
2016-01-22,0.0
2016-01-25,0.0
2016-01-26,0.0
2016-01-27,0.0
2016-01-28,0.0
2016-01-29,0.0
2016-02-01,0.0
2016-02-02,0.0
2016-02-03,0.0
2016-02-04,0.0
2016-02-05,0.0
2016-02-15,0.0
2016-02-16,0.0
2016-02-17,0.0
2016-02-18,0.0
2016-02-19,0.0
2016-02-22,0.0
2016-02-23,0.0
2016-02-24,0.0
2016-02-25,0.0
2016-02-26,0.0
2016-02-29,0.0
2016-03-01,0.0
2016-03-02,0.0
2016-03-03,0.0
2016-03-04,0.0
2016-03-07,0.0
2016-03-08,0.0
2016-03-09,0.0
2016-03-10,0.0
2016-03-11,0.0
2016-03-14,0.0
2016-03-15,0.0
2016-03-16,0.0
2016-03-17,0.0
2016-03-18,0.0
2016-03-21,0.0
2016-03-22,0.0
2016-03-23,0.0
2016-03-24,0.0
2016-03-25,0.0
2016-03-28,0.0
2016-03-29,0.0
2016-03-30,0.0
2016-03-31,0.0
2016-04-01,0.0
2016-04-04,0.0
2016-04-05,0.0
2016-04-06,0.0
2016-04-07,0.0
2016-04-08,0.0
2016-04-11,0.0
2016-04-12,0.0
2016-04-13,0.0
2016-04-14,0.0
2016-04-15,0.0
2016-04-19,0.0
2016-04-20,0.0
2016-04-21,0.0
2016-04-22,0.0
2016-04-25,0.0
2016-04-26,0.0
2016-04-27,0.0
2016-04-28,0.0
2016-04-29,0.0
2016-05-04,0.0
2016-05-05,0.0
2016-05-06,0.0
2016-05-09,0.0
2016-05-10,0.0
2016-05-11,0.0
2016-05-12,0.0
2016-05-13,0.0
2016-05-16,0.0
2016-05-17,0.0
2016-05-18,0.0
2016-05-19,0.0
2016-05-20,0.0
2016-05-23,0.0
2016-05-24,0.0
2016-05-25,0.0
2016-05-26,0.0
2016-05-27,0.0
2016-05-30,0.0
2016-05-31,0.0
2016-06-01,0.0
2016-06-02,0.0
2016-06-03,0.0
2016-06-06,0.0
2016-06-07,0.0
2016-06-08,0.0
2016-06-09,0.0
2016-06-10,0.0
2016-06-13,0.0
2016-06-14,0.0
2016-06-15,0.0
2016-06-16,0.0
2016-06-17,0.0
2016-06-20,0.0
2016-06-21,0.0
2016-06-22,0.0
2016-06-23,0.0
2016-06-24,0.0
2016-06-27,0.0
2016-06-28,0.0
2016-06-29,0.0
2016-06-30,0.0
2016-07-01,0.0
2016-07-04,0.0
2016-07-05,0.0
2016-07-06,0.0
2016-07-07,0.0
2016-07-08,0.0
2016-07-11,0.0
2016-07-12,0.0
2016-07-13,0.0
2016-07-14,0.0
2016-07-15,0.0
2016-07-18,0.0
2016-07-19,0.0
2016-07-20,0.0
2016-07-21,0.0
2016-07-22,0.0
2016-07-25,0.0
2016-07-26,0.0
2016-07-27,0.0
2016-07-28,0.0
2016-07-29,0.0
2016-08-01,0.0
2016-08-02,0.0
2016-08-03,0.0
2016-08-04,0.0
2016-08-05,0.0
2016-08-08,0.0
2016-08-09,0.0
2016-08-10,0.0
2016-08-11,0.0
2016-08-12,0.0
2016-08-15,0.0
2016-08-16,0.0
2016-08-17,0.0
2016-08-18,0.0
2016-08-19,0.0
2016-08-22,0.0
2016-08-23,0.0
2016-08-24,0.0
2016-08-25,0.0
2016-08-26,0.0
2016-08-29,0.0
2016-08-30,0.0
2016-08-31,0.0
2016-09-01,0.0
2016-09-05,0.0
2016-09-06,0.0
2016-09-07,0.0
2016-09-08,0.0
2016-09-09,0.0
2016-09-12,0.0
2016-09-13,0.0
2016-09-14,0.0
2016-09-15,0.0
2016-09-16,0.0
2016-09-19,0.0
2016-09-20,0.0
2016-09-21,0.0
2016-09-22,0.0
2016-09-23,0.0
2016-09-26,0.0
2016-09-27,0.0
2016-09-28,0.0
2016-09-29,0.0
2016-09-30,0.0
2016-10-03,0.0
2016-10-04,0.0
2016-10-05,0.0
2016-10-06,0.0
2016-10-07,0.0
2016-10-10,0.0
2016-10-11,0.0
2016-10-12,0.0
2016-10-13,0.0
2016-10-14,0.0
2016-10-17,0.0
2016-10-18,0.0
2016-10-19,0.0
2016-10-20,0.0
2016-10-21,0.0
2016-10-24,0.0
2016-10-25,0.0
2016-10-26,0.0
2016-10-27,0.0
2016-10-28,0.0
2016-10-31,0.0
2016-11-01,0.0
2016-11-02,0.0
2016-11-03,0.0
2016-11-04,0.0
2016-11-07,0.0
2016-11-08,0.0
2016-11-09,0.0
2016-11-10,0.0
2016-11-11,0.0
2016-11-14,0.0
2016-11-15,0.0
2016-11-16,0.0
2016-11-17,0.0
2016-11-18,0.0
2016-11-21,0.0
2016-11-22,0.0
2016-11-23,0.0
2016-11-24,0.0
2016-11-25,0.0
2016-11-28,0.0
2016-11-29,0.023300963719482315
2016-11-30,0.026585933057566624
2016-12-01,-0.019598032549646094
2016-12-02,-0.0014277899961565588
2016-12-05,0.0
2016-12-06,-0.007149472163013981
2016-12-07,-0.010801327136639394
2016-12-08,0.019654706895082752
2016-12-09,0.004283579480069077
2016-12-12,-0.014928423970950289
2016-12-13,-0.019484501258861364
2016-12-14,-0.001472033121305949
2016-12-15,-0.023586277870275785
2016-12-16,0.017362197526516132
2016-12-19,-0.008161936093615707
2016-12-20,-0.03142036535698667
2016-12-21,0.011585533717969332
2016-12-22,-0.022905692760132657
2016-12-23,0.007032844820166417
2016-12-26,-0.011639529917629177
2016-12-27,0.019627596628170263
2016-12-28,0.007699975747148535
2016-12-29,0.01986676002184673
2016-12-30,-0.022476654954306174
2017-01-03,0.008430931970397904
2017-01-04,0.0015200303345879185
2017-01-05,-0.0015177233490577535
2017-01-06,-0.005320273440186929
2017-01-09,0.0
2017-01-10,0.000764024228729232
2017-01-11,0.006871752637486184
2017-01-12,0.0
2017-01-13,-0.0007583418275153297
2017-01-16,-0.003035558041623032
2017-01-17,-0.0030448007109060704
2017-01-18,-0.0007634409413528331
2017-01-19,0.0
2017-01-20,0.007641027051724203
2017-01-23,0.007583195757010941
2017-01-24,0.0002368940842043532
2017-01-25,0.006652079441475722
2017-02-02,0.022994691300914027
2017-02-03,0.0066111930559697996
2017-02-06,0.00027886805774457457
2017-02-07,-0.005298388158761824
2017-02-08,-0.0040028716658317975
2017-02-09,-0.002474523143130347
2017-02-10,0.023546312586200324
2017-02-13,-0.013668550364172694
2017-02-14,0.3391895758529826
2017-02-15,-0.0697237829462688
2017-02-20,0.0
2017-02-21,-0.10658484768380183
2017-02-22,-0.039760989038973404
2017-02-23,0.0414073877285821
2017-02-27,0.1804258655604467
2017-03-03,-0.12418373278994432
2017-03-13,0.2826476598417267
2017-05-11,0.12295349011935985
2017-05-31,0.10658382469330019
2017-06-22,-0.28982236913780435
2017-07-11,-0.32603101458784434
2017-07-18,-0.03176304890054993
2017-07-19,-0.32804562075523014
2017-07-20,0.48819626880612144
2017-07-21,0.1640251844575713
2017-07-24,-0.08454723487825722
2017-07-25,0.0
2017-07-26,-0.3694181429242128
2017-07-27,0.048820333500006585
2017-07-28,-0.04654785184902821
2017-07-31,0.19528133399999992
2017-08-02,-0.32925213797550734
2017-08-04,-0.14050213245608234
2017-08-10,-0.3885071741247135
2017-08-11,0.0
2017-08-14,-0.08584810143918165
2017-08-16,0.3003259820543691
2017-08-17,-0.3002500328042341
2017-08-18,-0.13202265599581076
2017-08-21,0.11407921098875029
2017-08-22,0.13652871601508565
2017-08-23,0.0
2017-08-24,0.060066054313527184
2017-08-25,-0.05666255802561704
2017-08-28,0.060066054313527184
2017-08-29,0.22664618564399608
2017-08-30,-0.11548103560150325
2017-08-31,-0.10444417013149065
2017-09-08,0.2290913461579569
2017-09-11,0.32619225779757466
2017-09-12,0.10541064425894109
2017-09-13,-0.03178929688666421
2017-09-14,-0.03282834692230219
2017-09-15,0.10183273005103066
2017-09-18,-0.3080736816169233
2017-09-19,0.2671481690502062
2017-09-20,-0.1756860799644192
2017-09-21,0.3836304653974085
2017-09-22,0.09242122445056045
2017-09-25,-0.08460218675909037
2017-09-26,-0.030805608092664083
2017-09-27,0.03178475685568083
2017-09-28,-0.3080736816169233
2017-09-29,-0.23888233010534055
2017-10-04,-0.36961709268769016
2017-10-05,-0.4886191761290338
2017-10-09,0.10931700049819071
2017-10-10,-0.09597826702715284
2017-10-11,0.0
2017-11-23,-0.14871310645113134
2017-12-08,-0.477175129491037
2018-01-19,0.29768422648939596
2018-01-30,0.4575131264209873
2018-01-31,0.46621385235059276
2018-02-01,0.15898787951241133
2018-02-05,-0.23623896542380185
2018-02-07,-0.3620546315550598
2018-02-12,-0.07391581309807216
2018-02-13,-0.11972485141793798
2018-02-23,-0.37281886747108395
2018-02-27,0.0
2018-03-01,0.0
2018-03-02,-0.4881366042097752
2018-03-15,-0.05718111895859879
2018-03-21,-0.06531440260645427
2018-03-23,0.45473396249276665
2018-04-02,0.4269113935389137
2018-04-04,-0.36993716904151297
2018-04-05,0.25163321989871545
2018-04-06,-0.06701392844393428
2018-04-09,0.031922643418853314
2018-04-10,0.06187241880907979
2018-04-11,0.07283306881255136
2018-04-12,-0.020365887677267214
2018-04-13,0.041579542202749176
2018-04-16,0.37924421920606965
2018-04-17,0.265316605900876
2018-04-18,-0.11437341709267934
2018-04-19,0.0
2018-04-20,0.06457233773539661
2018-04-23,0.14557243727356273
2018-04-24,0.08471614667803284
2018-04-26,-0.0325417880881842
2018-04-27,-0.13454454980219754
2018-05-02,0.01943275988223725
2018-05-03,-0.019062326272977548
2018-05-04,0.0388655197644745
2018-05-07,-0.2244674223967804
2018-05-08,0.23637275232451538
2018-05-09,0.0039017161992545013
2018-05-10,0.1943264967234264
2018-05-11,0.06508311478705875
2018-05-14,0.0
2018-05-15,0.06110613705491774
2018-05-16,0.19867604230675973
2018-05-17,0.09848681987026398
2018-05-18,-0.13339182598193156
2018-05-21,0.12869040979190216
2018-05-22,0.08942556801705259
2018-05-23,-0.10876260862456943
2018-05-24,-0.01611802675950491
2018-05-25,0.04680559234964754
2018-05-28,0.022356550493916494
2018-05-29,-0.07872328373101445
2018-05-30,0.07358207372946879
2018-05-31,0.028741913640981442
2018-06-01,-0.08596616291498838
2018-06-04,-0.15988751500531917
2018-06-05,-0.16904288292243896
2018-06-06,0.2815977515488717
2018-06-07,-0.4567200872247895
2018-06-20,-0.2050350867985412
2018-06-21,-0.12380017522065612
2018-06-27,0.14676137836020375
2018-06-29,0.0
2018-07-02,-0.19489035251233433
2018-07-03,0.24206684533030653
2018-07-05,0.24596904784819085
2018-07-06,-0.09870592221892804
2018-07-09,-0.1095157780931344
2018-07-10,0.0
2018-07-11,0.0
2018-07-12,-0.1598803997388829
2018-07-13,0.29277860886919416
2018-07-16,-0.19250101950458687
2018-07-17,0.014021299298789147
2018-07-18,-0.15212106945832504
2018-07-19,-0.2446558363614023
2018-07-20,0.45386679118368
2018-07-23,-0.14672788928083003
2018-07-24,0.03439181649969347
2018-07-25,0.0
2018-07-30,0.09706482412576545
2018-07-31,0.0884768356355734
2018-08-01,0.3522311755914853
2018-08-02,0.38070218239367337
2018-08-03,0.4934163158838727
2018-08-06,0.16519717597696326
2018-08-08,-0.1323397209238456
2018-08-09,-0.0915150587073702
2018-08-10,-0.013431287213995113
2018-08-13,0.07487682785366889
2018-08-14,-0.1266568097485542
2018-08-15,-0.02900423346997394
2018-08-16,-0.007467914323523006
2018-08-17,0.007524103685205397
2018-08-20,-0.1194855794273767
2018-08-21,-0.24595555827847138
2018-08-22,0.07168686887052766
2018-08-23,-0.1581393469948853
2018-08-28,0.25299020920726223
2018-08-29,0.34324757040241205
2018-08-30,0.16534581729229836
2018-08-31,-0.025797715665690002
2018-09-04,0.0
2018-09-06,0.35305439649191594
2018-09-07,-0.38372230175944433
2018-09-10,-0.06226393601127511
2018-09-12,0.017308585507162855
2018-09-13,0.0476406430684051
2018-10-10,0.2129275513765272
2018-10-12,-0.18457412769691406
2018-10-15,0.422525913316542
2018-10-16,-0.031823855854378746
2018-10-17,-0.09861097582164136
2018-10-18,0.10939890899107407
2018-10-19,-0.08765434151950247
2018-10-22,0.12009440622128431
2018-10-23,0.24660128300141393
2018-10-24,0.07740760825780879
2018-10-25,0.2075547764509449
2018-10-26,-0.09916154576705494
2018-10-29,0.1100769458731532
2018-10-30,0.17849093528271776
2018-10-31,0.0673143824365785
2018-11-01,0.09460310003936523
2018-11-02,-0.20166302466550323
2018-11-05,0.12028796361976024
2018-11-06,-0.06442329241027644
2018-11-07,-0.10328949861651482
2018-11-08,-0.031996010615734094
2018-11-09,0.19832309153410987
2018-11-12,0.0
2018-11-13,0.05516705175905545
2018-11-14,-0.07842384626111443
2018-11-15,0.028365621699737664
2018-11-16,0.11033410351811068
2018-11-19,-0.019874381434981214
2018-11-20,-0.05576118795121976
2018-11-21,-0.144952873566348
2018-11-22,-0.05650800075313811
2018-11-23,0.13974970426016453
2018-11-26,-0.2977788430361036
2018-11-27,-0.466910795761028
2018-12-24,-0.39530769722355796
2018-12-25,0.21088189645050703
2018-12-26,0.10449418208716432
2018-12-27,-0.031792563691041775
2019-01-02,-0.43053034528707834
2019-01-03,0.20790517920983587
2019-01-04,-0.32859423308115887
2019-02-01,0.4650466087949796
2019-03-01,0.30412876858017346
2019-03-11,-0.12469967527884751
2019-03-12,-0.3324192799626411
2019-03-13,0.2489710578788542
2019-03-14,0.31325284005579923
2019-03-15,0.043370134848007114
2019-03-18,-0.20783438155319367
2019-03-19,0.28860031900446304
2019-03-20,-0.32576311331567487
2019-03-22,-0.08603596019759974
2019-03-25,0.0
2019-03-26,0.0
2019-03-27,0.0
2019-03-28,0.24475044092985665
2019-03-29,0.060501143271666225
2019-04-02,0.10550693577914139
2019-04-03,0.47067489844451815
2019-04-08,-0.4128168893218229
2019-04-10,0.03246821127849375
2019-04-11,-0.09433431869931397
2019-04-12,-0.034722721992336725
2019-04-16,-0.1079070258837016
2019-04-17,0.40320106477775286
2019-04-18,-0.05746941049907228
2019-04-23,0.2927878635946797
2019-04-24,-0.21776658405853522
2019-04-25,0.0
2019-04-26,-0.03340679344033082
2019-05-02,-0.02304135936261198
2019-05-03,-0.11792257160461395
2019-05-06,0.25400499684081534
2019-05-07,-0.0426425810777562
2019-05-08,0.1670352446103891
2019-05-09,-0.01908393215428217
2019-05-10,-0.18482174466149281
2019-05-13,-0.4534524845006779
2019-05-17,-0.3918820156778341
2019-05-23,0.0
2019-05-24,0.40245440837477986
2019-05-29,-0.3009375691208167
2019-06-03,0.273192661514676
2019-06-04,-0.08583015081706136
2019-06-05,-0.06333017119067685
2019-06-06,0.16903109358070512
2019-06-07,-0.014458584151224918
2019-06-10,-0.044013768524953645
2019-06-11,0.2148512263523179
2019-06-12,0.03789778444253389
2019-06-13,0.24342426879525436
2019-06-14,-0.04894204154348136
2019-06-17,0.0
2019-06-18,0.07204558188555765
2019-06-19,-0.038402039925274245
2019-06-20,0.00998362960855892
2019-06-21,-0.2174754486448569
2019-06-24,0.3031808433274208
2019-06-25,-0.029080986446799795
2019-06-26,-0.009983629608561029
2019-06-27,0.040338373747541345
2019-06-28,0.009693295811224578
2019-07-01,-0.19201019962636923
2019-07-02,-0.01188297961637197
2019-07-03,-0.10822340317421775
2019-07-04,-0.04408525017333864
2019-07-05,-0.03487351378033554
2019-07-09,-0.31102612213989533
2019-07-10,0.0
2019-07-11,-0.11286165840903895
2019-07-15,0.2885872173828412
2019-07-16,-0.22395629375322412
2019-07-22,-0.062043059501217024
2019-07-23,0.12608541060521827
2019-07-24,0.17644032867101989
2019-07-30,0.0
2019-07-31,0.1618728200094839
2019-08-01,-0.46441253525392223
2019-08-02,0.17341780200789558
2019-08-07,-0.15524179406257965
2019-08-08,0.022970684513420103
2019-08-09,-0.022454880536822208
2019-08-12,0.09188534243968016
2019-08-14,-0.0951962950970986
2019-08-15,-0.4959974511250862
2019-08-20,0.29892496719504713
2019-08-27,0.4252517263298823
2019-08-28,-0.07956506487912862
2019-08-30,-0.11469136185433837
2019-09-06,-0.44723385877398714
2019-09-12,0.062028615781028806
2019-09-13,-0.05840578573809163
2019-10-10,-0.27737487817998174
2019-11-04,0.14594027942372612
2019-11-06,-0.36357988568537214
2019-11-08,-0.038828691584594455
2019-11-11,-0.04039726450907877
2019-11-13,0.4789984625980892
2019-11-14,-0.06477407737922924
2019-11-18,0.25359109266818103
2019-11-19,-0.3310229003976307
2019-11-20,0.054980623447854704
2019-11-21,0.2605735550917361
2019-11-22,0.05167671399201956
2019-11-25,-0.13758705736065358
2019-11-26,-0.01139534195564107
2019-11-27,0.10374151848767377
2019-11-28,0.0
2019-11-29,0.06266090352887455
2019-12-02,0.314485172236596
2019-12-03,0.14205227202873272
2019-12-04,-0.15711594714272836
2019-12-05,0.07766812185481364
2019-12-06,0.10810500402108003
2019-12-09,-0.11707057235754281
2019-12-10,-0.00736616041886573
2019-12-11,-0.02968412114807517
2019-12-12,-0.04588705733565557
2019-12-13,0.0961887879883565
2019-12-16,-0.0511868935372638
2019-12-17,0.12331110887834806
2019-12-18,-0.102913898748626
2019-12-19,-0.0841271246696117
2019-12-20,-0.025051928246185184
2019-12-23,0.17130085725183863
2019-12-24,-0.04387459667015159
2019-12-25,0.04588791022323191
2019-12-26,0.0
2019-12-27,-0.08849860795175324
2019-12-30,0.13754584786403035
2019-12-31,0.0
2020-01-02,-0.09957692213008507
2020-01-03,-0.0315967432719807
2020-01-06,0.07341248620178775
2020-01-07,-0.08358936764770142
2020-01-08,-0.061200752747785914
2020-01-09,0.08666241433627597
2020-01-10,-0.23481970015281028
2020-01-14,-0.19166463756567897
2020-01-15,0.0
2020-01-16,-0.23711029663291772
2020-01-17,-0.31080547500696754
2020-02-03,0.018313743263930204
2020-02-04,0.2967353416289884
2020-02-05,-0.11094944963231079
2020-02-06,-0.07019716233579809
2020-02-07,-0.22649047569743852
2020-02-10,0.13013689075318213
2020-02-11,0.17272769104165775
2020-02-12,0.0
2020-02-13,0.02454845749750656
2020-02-14,0.02395938673188658
2020-02-17,-0.07019716233579809
2020-02-18,0.1677711349823079
2020-02-19,-0.06465036082059228
2020-02-20,0.0
2020-02-21,-0.16127805595036804
2020-02-24,0.19229025435016434
2020-02-25,-0.12287855925692004
2020-02-26,0.2626739804302365
2020-02-27,-0.16642379107361205
2020-02-28,0.24124330476171552
2020-03-02,0.0
2020-03-03,-0.05361544628976811
2020-03-04,0.03540826935930674
2020-03-05,0.020518136689091193
2020-03-06,0.020106348151125886
2020-03-09,0.4730296008800654
2020-03-10,-0.20962479937126755
2020-03-11,0.005643151556366188
2020-03-12,0.03927977520365533
2020-03-13,0.09718677517770868
2020-03-16,0.10334099407779074
2020-03-17,0.04460108410037833
2020-03-18,0.04269676221788443
2020-03-19,0.24568993640253933
2020-03-20,-0.032871881365426625
2020-03-23,0.2141326122500533
2020-03-24,-0.06718737421532894
2020-03-25,-0.1770654604775489
2020-03-26,-0.07293666741508675
2020-03-27,-0.003933845695440974
2020-03-30,0.11452945657277369
2020-03-31,0.0070868881213053125
2020-04-01,-0.10555565253088384
2020-04-03,-0.03933758701949186
2020-04-06,-0.04913780616903596
2020-04-07,-0.09904814320346322
2020-04-08,-0.08434770551182957
2020-04-09,-0.15844085168040067
2020-04-10,0.21611439206482164
2020-04-13,0.3942077875252121
2020-04-14,0.30512006443660566
2020-04-15,0.17406633535090532
2020-04-16,-0.3073090406168615
2020-04-22,-0.22954884218985117
2020-05-04,0.3367943809140532
2020-05-28,0.16581649331925408
2020-06-18,0.2294319885694407
2020-06-19,0.1533701062616475
2020-06-22,-0.37085334800363356
2020-06-30,-0.32205709435383756
2020-07-23,-0.06820076782019369
2020-07-30,-0.31360402505158935
2020-07-31,0.3045894459763101
2020-08-03,-0.25682324064573014
2020-08-04,-0.32986758157339857
2020-08-05,-0.18752078769203373
2020-08-10,0.2768034475898946
2020-08-11,0.4589000180414373
2020-08-20,0.08936626272234971
2020-08-26,-0.34483848364687486
2020-09-25,-0.4080246038294434
2020-10-06,0.4096996973227147
2020-10-21,-0.19456717527231382
2020-10-29,0.0063164427133628465
2020-11-11,0.2146661373404437
2020-11-13,-0.4643534649378869
2020-11-27,0.21838936555297472
2020-12-18,-0.011065258322135008
2020-12-23,-0.38353043066850734
2020-12-25,-0.177200886421781
2020-12-28,0.2153634872686765
2020-12-29,-0.295338336457297
2020-12-30,0.33529511205659746
2020-12-31,0.0
2021-01-04,-0.3138787542829661
2021-01-06,-0.44201081589769553
2021-01-20,-0.21923917195611253
2021-01-21,-0.28080196147313197
2021-01-22,0.48053797896397055
2021-01-25,0.1014293130981263
2021-01-26,0.27626315770138876
2021-01-27,0.49064806995467825
2021-01-29,-0.3822106271638913
2021-02-01,0.00923388894267596
2021-02-02,-0.3385303963597964
2021-02-03,-0.4564562990791803
2021-02-04,0.4269304964914127
2021-02-26,-0.06309492764450675
2021-03-01,-0.2693759677738793
2021-03-02,0.32260637674890025
2021-03-03,0.13938431935129136
2021-03-04,0.3364083308755417
2021-03-05,0.09153865061725996
2021-03-08,0.16772034666569113
2021-03-09,0.3052181607751674
2021-03-10,-0.08253373148367804
2021-03-11,-0.25487949073762495
2021-03-12,0.12072811948613937
2021-03-15,0.0
2021-03-16,0.21544745763755024
2021-03-17,0.0738581520521695
2021-03-18,-0.27511081118896374
2021-03-19,0.15180881469562824
2021-03-22,0.148273759037149
2021-03-23,0.08608629561326597
2021-03-24,0.19815536816512247
2021-03-25,0.022051029604874373
2021-03-26,0.11866495649112685
2021-03-29,-0.1542938634691836
2021-03-30,-0.022805351837655197
2021-03-31,0.0933502936412618
2021-04-01,-0.2774870290891722
2021-04-02,-0.25111457190250785
2021-04-05,0.37277999657821437
2021-04-07,0.4986848180580046
2021-04-08,0.04753516950292336
2021-04-09,0.022689056600113888
2021-04-12,-0.04437136870427194
2021-04-13,0.0
2021-04-14,0.16251266819649635
2021-04-15,0.0399407281543247
2021-04-16,0.4224757906695129
2021-04-19,0.10800088506403926
2021-04-20,-0.3898924186529832
2021-04-22,0.2596165046819665
2021-04-23,-0.23781762417505103
2021-04-27,0.036112217769071364
2021-04-28,0.232359246554817
2021-04-29,0.018854663186754106
2021-05-04,0.1758053852974657
2021-05-05,-0.03147756228217469
2021-05-06,0.19500505368813492
2021-05-07,0.1767819759750413
2021-05-10,-0.34667308509538153
2021-05-11,0.15918857687898047
2021-05-12,-0.04577608988118964
2021-05-13,0.10393864310920509
2021-05-14,0.07242519009122317
2021-05-17,0.15532807881961497
2021-05-18,0.011690779021519049
2021-05-19,-0.028889722765032655
2021-05-20,-0.029748640147971406
2021-05-21,-0.07358635827990767
2021-05-24,-0.13238532148695137
2021-05-25,0.053404648558919465
2021-05-26,-0.03621227378697278
2021-05-27,0.03757287294917133
2021-05-28,-0.04345472854436727
2021-05-31,0.04542882583930363
2021-06-01,0.04345537106164499
2021-06-02,0.034704190319255535
2021-06-03,-0.053664922583243624
2021-06-04,0.04961972008565474
2021-06-07,-0.06837399941035904
2021-06-08,-0.022017697791468782
2021-06-09,0.04502678165391605
2021-06-10,-0.2226151657985539
2021-06-11,0.029046522681751563
2021-06-14,-0.10974802895866487
2021-06-15,-0.32632342578102813
2021-06-22,0.0
2021-06-25,-0.32284003616781287
